{
  "project_info": {
    "project_number": "335031028813",
    "project_id": "sifr-push-notification-e83f3",
    "storage_bucket": "sifr-push-notification-e83f3.appspot.com"
  },
  "client": [
    {
      "client_info": {
        "mobilesdk_app_id": "1:335031028813:android:7d16d386049e9a61882004",
        "android_client_info": {
          "package_name": "com.sifr.omasoftpos"
        }
      },
      "oauth_client": [
        {
          "client_id": "335031028813-78a3du0piaa7koj6a4pjrigri2rhmkpg.apps.googleusercontent.com",
          "client_type": 3
        }
      ],
      "api_key": [
        {
          "current_key": "AIzaSyDWQU96dKcEYc5Nv5UvBC9dLrw2W0YEOHU"
        }
      ],
      "services": {
        "appinvite_service": {
          "other_platform_oauth_client": [
            {
              "client_id": "335031028813-78a3du0piaa7koj6a4pjrigri2rhmkpg.apps.googleusercontent.com",
              "client_type": 3
            },
            {
              "client_id": "335031028813-i6odnn8reqegadqtm0qkbf30bol3c2kk.apps.googleusercontent.com",
              "client_type": 2,
              "ios_info": {
                "bundle_id": "com.sifr.omasoftpos"
              }
            }
          ]
        }
      }
    }
  ],
  "configuration_version": "1"
}